<?xml version="1.0" encoding="UTF-8" ?>
<!DOCTYPE log4j:configuration SYSTEM "log4j.dtd">

<log4j:configuration xmlns:log4j="http://jakarta.apache.org/log4j/">

    <appender name="FA" class="org.apache.log4j.rolling.RollingFileAppender">
        <param name="Threshold" value="INFO"/>
        <rollingPolicy class="org.apache.log4j.rolling.TimeBasedRollingPolicy">
            <param name="FileNamePattern" value="${catalina.home}/logs/server.log.%d{yyyy-MM-dd}"/>
        </rollingPolicy>
        <layout class="org.apache.log4j.PatternLayout">
            <param name="ConversionPattern" value="%d [%t] %-5p %c %x - %m%n" />
        </layout>
    </appender>

    <logger name="org.apache.catalina">
        <level value="INFO"/>
    </logger>

    <logger name="org.apache.coyote">
        <level value="INFO"/>
    </logger>


    <logger name="net.sf.ehcache">
        <level value="INFO"/>
    </logger>

    <!-- Suppress success logging from InteractiveAuthenticationSuccessEvent -->
    <logger name="org.springframework.security">
        <level value="INFO"/>
    </logger>

    <logger name="org.apache">
        <level value="DEBUG"/>
    </logger>

    <logger name="org.apache.commons.digester">
        <level value="INFO"/>
    </logger>

    <logger name="org.apache.velocity">
        <level value="FATAL"/>
    </logger>

    <logger name="org.hibernate">
        <level value="INFO"/>
    </logger>

    <logger name="org.springframework">
        <level value="INFO"/>
    </logger>

    <logger name="org.dbunit">
        <level value="ERROR"/>
    </logger>

    <root>
        <level value="INFO"/>
        <appender-ref ref="FA"/>
    </root>

</log4j:configuration>
